primary_type,hour,weekday,count
ASSAULT,0,Friday,1456
ASSAULT,0,Monday,1594
ASSAULT,0,Saturday,1855
ASSAULT,0,Sunday,1884
ASSAULT,0,Thursday,1437
ASSAULT,0,Tuesday,1446
ASSAULT,0,Wednesday,1448
ASSAULT,1,Friday,1023
ASSAULT,1,Monday,1037
ASSAULT,1,Saturday,1392
ASSAULT,1,Sunday,1532
ASSAULT,1,Thursday,890
ASSAULT,1,Tuesday,972
ASSAULT,1,Wednesday,894
ASSAULT,2,Friday,821
ASSAULT,2,Monday,771
ASSAULT,2,Saturday,1274
ASSAULT,2,Sunday,1424
ASSAULT,2,Thursday,793
ASSAULT,2,Tuesday,700
ASSAULT,2,Wednesday,690
ASSAULT,3,Friday,556
ASSAULT,3,Monday,554
ASSAULT,3,Saturday,1034
ASSAULT,3,Sunday,1234
ASSAULT,3,Thursday,581
ASSAULT,3,Tuesday,463
ASSAULT,3,Wednesday,533
ASSAULT,4,Friday,438
ASSAULT,4,Monday,447
ASSAULT,4,Saturday,788
ASSAULT,4,Sunday,939
ASSAULT,4,Thursday,417
ASSAULT,4,Tuesday,383
ASSAULT,4,Wednesday,389
ASSAULT,5,Friday,471
ASSAULT,5,Monday,445
ASSAULT,5,Saturday,581
ASSAULT,5,Sunday,645
ASSAULT,5,Thursday,419
ASSAULT,5,Tuesday,425
ASSAULT,5,Wednesday,463
ASSAULT,6,Friday,624
ASSAULT,6,Monday,566
ASSAULT,6,Saturday,613
ASSAULT,6,Sunday,665
ASSAULT,6,Thursday,649
ASSAULT,6,Tuesday,578
ASSAULT,6,Wednesday,621
ASSAULT,7,Friday,1095
ASSAULT,7,Monday,1047
ASSAULT,7,Saturday,815
ASSAULT,7,Sunday,791
ASSAULT,7,Thursday,1134
ASSAULT,7,Tuesday,1163
ASSAULT,7,Wednesday,1152
ASSAULT,8,Friday,1825
ASSAULT,8,Monday,1764
ASSAULT,8,Saturday,1172
ASSAULT,8,Sunday,1002
ASSAULT,8,Thursday,1921
ASSAULT,8,Tuesday,1931
ASSAULT,8,Wednesday,1932
ASSAULT,9,Friday,2079
ASSAULT,9,Monday,2104
ASSAULT,9,Saturday,1546
ASSAULT,9,Sunday,1415
ASSAULT,9,Thursday,2225
ASSAULT,9,Tuesday,2228
ASSAULT,9,Wednesday,2229
ASSAULT,10,Friday,2244
ASSAULT,10,Monday,2309
ASSAULT,10,Saturday,1918
ASSAULT,10,Sunday,1782
ASSAULT,10,Thursday,2412
ASSAULT,10,Tuesday,2371
ASSAULT,10,Wednesday,2462
ASSAULT,11,Friday,2396
ASSAULT,11,Monday,2409
ASSAULT,11,Saturday,2185
ASSAULT,11,Sunday,1974
ASSAULT,11,Thursday,2444
ASSAULT,11,Tuesday,2436
ASSAULT,11,Wednesday,2560
ASSAULT,12,Friday,2607
ASSAULT,12,Monday,2627
ASSAULT,12,Saturday,2303
ASSAULT,12,Sunday,2165
ASSAULT,12,Thursday,2657
ASSAULT,12,Tuesday,2623
ASSAULT,12,Wednesday,2833
ASSAULT,13,Friday,2431
ASSAULT,13,Monday,2374
ASSAULT,13,Saturday,2109
ASSAULT,13,Sunday,2164
ASSAULT,13,Thursday,2460
ASSAULT,13,Tuesday,2516
ASSAULT,13,Wednesday,2601
ASSAULT,14,Friday,2574
ASSAULT,14,Monday,2630
ASSAULT,14,Saturday,2271
ASSAULT,14,Sunday,2260
ASSAULT,14,Thursday,2764
ASSAULT,14,Tuesday,2713
ASSAULT,14,Wednesday,2863
ASSAULT,15,Friday,3090
ASSAULT,15,Monday,3119
ASSAULT,15,Saturday,2466
ASSAULT,15,Sunday,2412
ASSAULT,15,Thursday,3280
ASSAULT,15,Tuesday,3267
ASSAULT,15,Wednesday,3402
ASSAULT,16,Friday,2720
ASSAULT,16,Monday,2865
ASSAULT,16,Saturday,2465
ASSAULT,16,Sunday,2394
ASSAULT,16,Thursday,2817
ASSAULT,16,Tuesday,3078
ASSAULT,16,Wednesday,3057
ASSAULT,17,Friday,2598
ASSAULT,17,Monday,2684
ASSAULT,17,Saturday,2257
ASSAULT,17,Sunday,2573
ASSAULT,17,Thursday,2722
ASSAULT,17,Tuesday,2865
ASSAULT,17,Wednesday,2836
ASSAULT,18,Friday,2530
ASSAULT,18,Monday,2634
ASSAULT,18,Saturday,2339
ASSAULT,18,Sunday,2402
ASSAULT,18,Thursday,2596
ASSAULT,18,Tuesday,2574
ASSAULT,18,Wednesday,2672
ASSAULT,19,Friday,2331
ASSAULT,19,Monday,2435
ASSAULT,19,Saturday,2324
ASSAULT,19,Sunday,2264
ASSAULT,19,Thursday,2419
ASSAULT,19,Tuesday,2527
ASSAULT,19,Wednesday,2534
ASSAULT,20,Friday,2230
ASSAULT,20,Monday,2342
ASSAULT,20,Saturday,2155
ASSAULT,20,Sunday,2362
ASSAULT,20,Thursday,2266
ASSAULT,20,Tuesday,2313
ASSAULT,20,Wednesday,2330
ASSAULT,21,Friday,2035
ASSAULT,21,Monday,2073
ASSAULT,21,Saturday,2024
ASSAULT,21,Sunday,2143
ASSAULT,21,Thursday,2023
ASSAULT,21,Tuesday,2046
ASSAULT,21,Wednesday,2025
ASSAULT,22,Friday,1855
ASSAULT,22,Monday,1805
ASSAULT,22,Saturday,1952
ASSAULT,22,Sunday,1998
ASSAULT,22,Thursday,1783
ASSAULT,22,Tuesday,1803
ASSAULT,22,Wednesday,1713
ASSAULT,23,Friday,1771
ASSAULT,23,Monday,1508
ASSAULT,23,Saturday,1923
ASSAULT,23,Sunday,1756
ASSAULT,23,Thursday,1552
ASSAULT,23,Tuesday,1522
ASSAULT,23,Wednesday,1500
BATTERY,0,Friday,5098
BATTERY,0,Monday,5656
BATTERY,0,Saturday,7193
BATTERY,0,Sunday,8099
BATTERY,0,Thursday,4746
BATTERY,0,Tuesday,4696
BATTERY,0,Wednesday,4651
BATTERY,1,Friday,4560
BATTERY,1,Monday,4444
BATTERY,1,Saturday,7359
BATTERY,1,Sunday,8558
BATTERY,1,Thursday,3791
BATTERY,1,Tuesday,3529
BATTERY,1,Wednesday,3659
BATTERY,2,Friday,3738
BATTERY,2,Monday,3647
BATTERY,2,Saturday,7056
BATTERY,2,Sunday,8656
BATTERY,2,Thursday,3196
BATTERY,2,Tuesday,2911
BATTERY,2,Wednesday,3026
BATTERY,3,Friday,2810
BATTERY,3,Monday,2776
BATTERY,3,Saturday,6003
BATTERY,3,Sunday,7692
BATTERY,3,Thursday,2493
BATTERY,3,Tuesday,2128
BATTERY,3,Wednesday,2225
BATTERY,4,Friday,2002
BATTERY,4,Monday,1935
BATTERY,4,Saturday,4240
BATTERY,4,Sunday,5570
BATTERY,4,Thursday,1759
BATTERY,4,Tuesday,1575
BATTERY,4,Wednesday,1613
BATTERY,5,Friday,1465
BATTERY,5,Monday,1455
BATTERY,5,Saturday,2837
BATTERY,5,Sunday,3852
BATTERY,5,Thursday,1391
BATTERY,5,Tuesday,1285
BATTERY,5,Wednesday,1407
BATTERY,6,Friday,1657
BATTERY,6,Monday,1579
BATTERY,6,Saturday,2352
BATTERY,6,Sunday,2676
BATTERY,6,Thursday,1552
BATTERY,6,Tuesday,1505
BATTERY,6,Wednesday,1492
BATTERY,7,Friday,2264
BATTERY,7,Monday,2370
BATTERY,7,Saturday,2222
BATTERY,7,Sunday,2437
BATTERY,7,Thursday,2415
BATTERY,7,Tuesday,2362
BATTERY,7,Wednesday,2329
BATTERY,8,Friday,3330
BATTERY,8,Monday,3423
BATTERY,8,Saturday,2787
BATTERY,8,Sunday,2586
BATTERY,8,Thursday,3549
BATTERY,8,Tuesday,3442
BATTERY,8,Wednesday,3570
BATTERY,9,Friday,3753
BATTERY,9,Monday,3813
BATTERY,9,Saturday,3418
BATTERY,9,Sunday,3521
BATTERY,9,Thursday,3823
BATTERY,9,Tuesday,3839
BATTERY,9,Wednesday,3873
BATTERY,10,Friday,4020
BATTERY,10,Monday,4112
BATTERY,10,Saturday,4044
BATTERY,10,Sunday,4099
BATTERY,10,Thursday,4086
BATTERY,10,Tuesday,4147
BATTERY,10,Wednesday,4127
BATTERY,11,Friday,4505
BATTERY,11,Monday,4707
BATTERY,11,Saturday,4616
BATTERY,11,Sunday,4536
BATTERY,11,Thursday,4604
BATTERY,11,Tuesday,4689
BATTERY,11,Wednesday,4598
BATTERY,12,Friday,4802
BATTERY,12,Monday,4835
BATTERY,12,Saturday,4801
BATTERY,12,Sunday,4718
BATTERY,12,Thursday,4873
BATTERY,12,Tuesday,4855
BATTERY,12,Wednesday,4939
BATTERY,13,Friday,4581
BATTERY,13,Monday,4560
BATTERY,13,Saturday,4483
BATTERY,13,Sunday,4594
BATTERY,13,Thursday,4636
BATTERY,13,Tuesday,4632
BATTERY,13,Wednesday,4834
BATTERY,14,Friday,5019
BATTERY,14,Monday,4900
BATTERY,14,Saturday,4741
BATTERY,14,Sunday,4817
BATTERY,14,Thursday,4875
BATTERY,14,Tuesday,5034
BATTERY,14,Wednesday,5219
BATTERY,15,Friday,6201
BATTERY,15,Monday,6189
BATTERY,15,Saturday,5048
BATTERY,15,Sunday,5237
BATTERY,15,Thursday,6135
BATTERY,15,Tuesday,6102
BATTERY,15,Wednesday,6293
BATTERY,16,Friday,5649
BATTERY,16,Monday,5815
BATTERY,16,Saturday,5185
BATTERY,16,Sunday,5536
BATTERY,16,Thursday,5693
BATTERY,16,Tuesday,5728
BATTERY,16,Wednesday,5708
BATTERY,17,Friday,5370
BATTERY,17,Monday,5597
BATTERY,17,Saturday,5384
BATTERY,17,Sunday,5786
BATTERY,17,Thursday,5344
BATTERY,17,Tuesday,5500
BATTERY,17,Wednesday,5278
BATTERY,18,Friday,5338
BATTERY,18,Monday,5678
BATTERY,18,Saturday,5578
BATTERY,18,Sunday,5835
BATTERY,18,Thursday,5364
BATTERY,18,Tuesday,5624
BATTERY,18,Wednesday,5623
BATTERY,19,Friday,5589
BATTERY,19,Monday,5471
BATTERY,19,Saturday,5706
BATTERY,19,Sunday,6210
BATTERY,19,Thursday,5358
BATTERY,19,Tuesday,5535
BATTERY,19,Wednesday,5409
BATTERY,20,Friday,5719
BATTERY,20,Monday,5544
BATTERY,20,Saturday,5979
BATTERY,20,Sunday,6269
BATTERY,20,Thursday,5615
BATTERY,20,Tuesday,5623
BATTERY,20,Wednesday,5566
BATTERY,21,Friday,5948
BATTERY,21,Monday,5659
BATTERY,21,Saturday,6339
BATTERY,21,Sunday,6434
BATTERY,21,Thursday,5462
BATTERY,21,Tuesday,5399
BATTERY,21,Wednesday,5471
BATTERY,22,Friday,6594
BATTERY,22,Monday,5473
BATTERY,22,Saturday,7120
BATTERY,22,Sunday,6522
BATTERY,22,Thursday,5488
BATTERY,22,Tuesday,5426
BATTERY,22,Wednesday,5459
BATTERY,23,Friday,6672
BATTERY,23,Monday,4806
BATTERY,23,Saturday,7475
BATTERY,23,Sunday,5983
BATTERY,23,Thursday,5196
BATTERY,23,Tuesday,5060
BATTERY,23,Wednesday,5010
CRIMINAL DAMAGE,0,Friday,4256
CRIMINAL DAMAGE,0,Monday,4538
CRIMINAL DAMAGE,0,Saturday,4980
CRIMINAL DAMAGE,0,Sunday,5395
CRIMINAL DAMAGE,0,Thursday,3981
CRIMINAL DAMAGE,0,Tuesday,3835
CRIMINAL DAMAGE,0,Wednesday,3959
CRIMINAL DAMAGE,1,Friday,2400
CRIMINAL DAMAGE,1,Monday,2582
CRIMINAL DAMAGE,1,Saturday,3694
CRIMINAL DAMAGE,1,Sunday,3946
CRIMINAL DAMAGE,1,Thursday,2364
CRIMINAL DAMAGE,1,Tuesday,2261
CRIMINAL DAMAGE,1,Wednesday,2252
CRIMINAL DAMAGE,2,Friday,2141
CRIMINAL DAMAGE,2,Monday,2125
CRIMINAL DAMAGE,2,Saturday,3479
CRIMINAL DAMAGE,2,Sunday,3734
CRIMINAL DAMAGE,2,Thursday,1993
CRIMINAL DAMAGE,2,Tuesday,1911
CRIMINAL DAMAGE,2,Wednesday,1991
CRIMINAL DAMAGE,3,Friday,1904
CRIMINAL DAMAGE,3,Monday,1874
CRIMINAL DAMAGE,3,Saturday,2973
CRIMINAL DAMAGE,3,Sunday,3477
CRIMINAL DAMAGE,3,Thursday,1759
CRIMINAL DAMAGE,3,Tuesday,1594
CRIMINAL DAMAGE,3,Wednesday,1684
CRIMINAL DAMAGE,4,Friday,1491
CRIMINAL DAMAGE,4,Monday,1582
CRIMINAL DAMAGE,4,Saturday,2351
CRIMINAL DAMAGE,4,Sunday,2758
CRIMINAL DAMAGE,4,Thursday,1395
CRIMINAL DAMAGE,4,Tuesday,1346
CRIMINAL DAMAGE,4,Wednesday,1322
CRIMINAL DAMAGE,5,Friday,1299
CRIMINAL DAMAGE,5,Monday,1346
CRIMINAL DAMAGE,5,Saturday,1728
CRIMINAL DAMAGE,5,Sunday,2129
CRIMINAL DAMAGE,5,Thursday,1311
CRIMINAL DAMAGE,5,Tuesday,1128
CRIMINAL DAMAGE,5,Wednesday,1207
CRIMINAL DAMAGE,6,Friday,1432
CRIMINAL DAMAGE,6,Monday,1464
CRIMINAL DAMAGE,6,Saturday,1508
CRIMINAL DAMAGE,6,Sunday,1574
CRIMINAL DAMAGE,6,Thursday,1454
CRIMINAL DAMAGE,6,Tuesday,1448
CRIMINAL DAMAGE,6,Wednesday,1437
CRIMINAL DAMAGE,7,Friday,1873
CRIMINAL DAMAGE,7,Monday,2057
CRIMINAL DAMAGE,7,Saturday,1529
CRIMINAL DAMAGE,7,Sunday,1461
CRIMINAL DAMAGE,7,Thursday,1923
CRIMINAL DAMAGE,7,Tuesday,2004
CRIMINAL DAMAGE,7,Wednesday,1947
CRIMINAL DAMAGE,8,Friday,2314
CRIMINAL DAMAGE,8,Monday,2492
CRIMINAL DAMAGE,8,Saturday,1908
CRIMINAL DAMAGE,8,Sunday,1853
CRIMINAL DAMAGE,8,Thursday,2278
CRIMINAL DAMAGE,8,Tuesday,2351
CRIMINAL DAMAGE,8,Wednesday,2293
CRIMINAL DAMAGE,9,Friday,2426
CRIMINAL DAMAGE,9,Monday,2476
CRIMINAL DAMAGE,9,Saturday,2379
CRIMINAL DAMAGE,9,Sunday,2222
CRIMINAL DAMAGE,9,Thursday,2368
CRIMINAL DAMAGE,9,Tuesday,2418
CRIMINAL DAMAGE,9,Wednesday,2481
CRIMINAL DAMAGE,10,Friday,2132
CRIMINAL DAMAGE,10,Monday,2294
CRIMINAL DAMAGE,10,Saturday,2392
CRIMINAL DAMAGE,10,Sunday,2372
CRIMINAL DAMAGE,10,Thursday,2064
CRIMINAL DAMAGE,10,Tuesday,2193
CRIMINAL DAMAGE,10,Wednesday,2213
CRIMINAL DAMAGE,11,Friday,1976
CRIMINAL DAMAGE,11,Monday,2090
CRIMINAL DAMAGE,11,Saturday,2300
CRIMINAL DAMAGE,11,Sunday,2287
CRIMINAL DAMAGE,11,Thursday,2040
CRIMINAL DAMAGE,11,Tuesday,2023
CRIMINAL DAMAGE,11,Wednesday,1969
CRIMINAL DAMAGE,12,Friday,2545
CRIMINAL DAMAGE,12,Monday,2663
CRIMINAL DAMAGE,12,Saturday,2867
CRIMINAL DAMAGE,12,Sunday,2746
CRIMINAL DAMAGE,12,Thursday,2438
CRIMINAL DAMAGE,12,Tuesday,2470
CRIMINAL DAMAGE,12,Wednesday,2480
CRIMINAL DAMAGE,13,Friday,2137
CRIMINAL DAMAGE,13,Monday,2204
CRIMINAL DAMAGE,13,Saturday,2305
CRIMINAL DAMAGE,13,Sunday,2271
CRIMINAL DAMAGE,13,Thursday,2146
CRIMINAL DAMAGE,13,Tuesday,2049
CRIMINAL DAMAGE,13,Wednesday,2109
CRIMINAL DAMAGE,14,Friday,2486
CRIMINAL DAMAGE,14,Monday,2368
CRIMINAL DAMAGE,14,Saturday,2611
CRIMINAL DAMAGE,14,Sunday,2665
CRIMINAL DAMAGE,14,Thursday,2225
CRIMINAL DAMAGE,14,Tuesday,2389
CRIMINAL DAMAGE,14,Wednesday,2421
CRIMINAL DAMAGE,15,Friday,2877
CRIMINAL DAMAGE,15,Monday,2675
CRIMINAL DAMAGE,15,Saturday,2769
CRIMINAL DAMAGE,15,Sunday,2821
CRIMINAL DAMAGE,15,Thursday,2685
CRIMINAL DAMAGE,15,Tuesday,2645
CRIMINAL DAMAGE,15,Wednesday,2728
CRIMINAL DAMAGE,16,Friday,3190
CRIMINAL DAMAGE,16,Monday,2963
CRIMINAL DAMAGE,16,Saturday,3001
CRIMINAL DAMAGE,16,Sunday,2976
CRIMINAL DAMAGE,16,Thursday,2848
CRIMINAL DAMAGE,16,Tuesday,2883
CRIMINAL DAMAGE,16,Wednesday,2905
CRIMINAL DAMAGE,17,Friday,3807
CRIMINAL DAMAGE,17,Monday,3356
CRIMINAL DAMAGE,17,Saturday,3314
CRIMINAL DAMAGE,17,Sunday,3206
CRIMINAL DAMAGE,17,Thursday,3157
CRIMINAL DAMAGE,17,Tuesday,3285
CRIMINAL DAMAGE,17,Wednesday,3241
CRIMINAL DAMAGE,18,Friday,4018
CRIMINAL DAMAGE,18,Monday,3687
CRIMINAL DAMAGE,18,Saturday,3562
CRIMINAL DAMAGE,18,Sunday,3447
CRIMINAL DAMAGE,18,Thursday,3672
CRIMINAL DAMAGE,18,Tuesday,3712
CRIMINAL DAMAGE,18,Wednesday,3694
CRIMINAL DAMAGE,19,Friday,3748
CRIMINAL DAMAGE,19,Monday,3459
CRIMINAL DAMAGE,19,Saturday,3792
CRIMINAL DAMAGE,19,Sunday,3436
CRIMINAL DAMAGE,19,Thursday,3448
CRIMINAL DAMAGE,19,Tuesday,3539
CRIMINAL DAMAGE,19,Wednesday,3370
CRIMINAL DAMAGE,20,Friday,4027
CRIMINAL DAMAGE,20,Monday,3651
CRIMINAL DAMAGE,20,Saturday,3852
CRIMINAL DAMAGE,20,Sunday,3711
CRIMINAL DAMAGE,20,Thursday,3665
CRIMINAL DAMAGE,20,Tuesday,3634
CRIMINAL DAMAGE,20,Wednesday,3613
CRIMINAL DAMAGE,21,Friday,4092
CRIMINAL DAMAGE,21,Monday,3620
CRIMINAL DAMAGE,21,Saturday,4172
CRIMINAL DAMAGE,21,Sunday,3946
CRIMINAL DAMAGE,21,Thursday,3732
CRIMINAL DAMAGE,21,Tuesday,3693
CRIMINAL DAMAGE,21,Wednesday,3661
CRIMINAL DAMAGE,22,Friday,4637
CRIMINAL DAMAGE,22,Monday,3855
CRIMINAL DAMAGE,22,Saturday,4839
CRIMINAL DAMAGE,22,Sunday,4282
CRIMINAL DAMAGE,22,Thursday,3894
CRIMINAL DAMAGE,22,Tuesday,3788
CRIMINAL DAMAGE,22,Wednesday,3938
CRIMINAL DAMAGE,23,Friday,3838
CRIMINAL DAMAGE,23,Monday,3014
CRIMINAL DAMAGE,23,Saturday,4389
CRIMINAL DAMAGE,23,Sunday,3434
CRIMINAL DAMAGE,23,Thursday,3080
CRIMINAL DAMAGE,23,Tuesday,3028
CRIMINAL DAMAGE,23,Wednesday,3054
NARCOTICS,0,Friday,1383
NARCOTICS,0,Monday,1180
NARCOTICS,0,Saturday,1612
NARCOTICS,0,Sunday,1363
NARCOTICS,0,Thursday,1240
NARCOTICS,0,Tuesday,1256
NARCOTICS,0,Wednesday,1335
NARCOTICS,1,Friday,657
NARCOTICS,1,Monday,645
NARCOTICS,1,Saturday,856
NARCOTICS,1,Sunday,785
NARCOTICS,1,Thursday,665
NARCOTICS,1,Tuesday,623
NARCOTICS,1,Wednesday,661
NARCOTICS,2,Friday,384
NARCOTICS,2,Monday,397
NARCOTICS,2,Saturday,546
NARCOTICS,2,Sunday,466
NARCOTICS,2,Thursday,381
NARCOTICS,2,Tuesday,334
NARCOTICS,2,Wednesday,371
NARCOTICS,3,Friday,230
NARCOTICS,3,Monday,203
NARCOTICS,3,Saturday,323
NARCOTICS,3,Sunday,291
NARCOTICS,3,Thursday,216
NARCOTICS,3,Tuesday,191
NARCOTICS,3,Wednesday,186
NARCOTICS,4,Friday,133
NARCOTICS,4,Monday,108
NARCOTICS,4,Saturday,165
NARCOTICS,4,Sunday,157
NARCOTICS,4,Thursday,103
NARCOTICS,4,Tuesday,95
NARCOTICS,4,Wednesday,100
NARCOTICS,5,Friday,69
NARCOTICS,5,Monday,47
NARCOTICS,5,Saturday,79
NARCOTICS,5,Sunday,87
NARCOTICS,5,Thursday,62
NARCOTICS,5,Tuesday,44
NARCOTICS,5,Wednesday,66
NARCOTICS,6,Friday,426
NARCOTICS,6,Monday,452
NARCOTICS,6,Saturday,165
NARCOTICS,6,Sunday,129
NARCOTICS,6,Thursday,585
NARCOTICS,6,Tuesday,497
NARCOTICS,6,Wednesday,517
NARCOTICS,7,Friday,489
NARCOTICS,7,Monday,307
NARCOTICS,7,Saturday,370
NARCOTICS,7,Sunday,325
NARCOTICS,7,Thursday,482
NARCOTICS,7,Tuesday,332
NARCOTICS,7,Wednesday,396
NARCOTICS,8,Friday,915
NARCOTICS,8,Monday,695
NARCOTICS,8,Saturday,787
NARCOTICS,8,Sunday,648
NARCOTICS,8,Thursday,951
NARCOTICS,8,Tuesday,763
NARCOTICS,8,Wednesday,748
NARCOTICS,9,Friday,1419
NARCOTICS,9,Monday,998
NARCOTICS,9,Saturday,1228
NARCOTICS,9,Sunday,916
NARCOTICS,9,Thursday,1298
NARCOTICS,9,Tuesday,1039
NARCOTICS,9,Wednesday,1130
NARCOTICS,10,Friday,2631
NARCOTICS,10,Monday,2155
NARCOTICS,10,Saturday,2203
NARCOTICS,10,Sunday,1888
NARCOTICS,10,Thursday,2469
NARCOTICS,10,Tuesday,2245
NARCOTICS,10,Wednesday,2358
NARCOTICS,11,Friday,3547
NARCOTICS,11,Monday,2875
NARCOTICS,11,Saturday,2793
NARCOTICS,11,Sunday,2578
NARCOTICS,11,Thursday,3209
NARCOTICS,11,Tuesday,3159
NARCOTICS,11,Wednesday,3323
NARCOTICS,12,Friday,3066
NARCOTICS,12,Monday,2502
NARCOTICS,12,Saturday,2313
NARCOTICS,12,Sunday,2237
NARCOTICS,12,Thursday,3063
NARCOTICS,12,Tuesday,2906
NARCOTICS,12,Wednesday,3066
NARCOTICS,13,Friday,2668
NARCOTICS,13,Monday,2370
NARCOTICS,13,Saturday,2071
NARCOTICS,13,Sunday,1904
NARCOTICS,13,Thursday,2788
NARCOTICS,13,Tuesday,2743
NARCOTICS,13,Wednesday,2784
NARCOTICS,14,Friday,2450
NARCOTICS,14,Monday,2249
NARCOTICS,14,Saturday,1962
NARCOTICS,14,Sunday,1609
NARCOTICS,14,Thursday,2612
NARCOTICS,14,Tuesday,2609
NARCOTICS,14,Wednesday,2688
NARCOTICS,15,Friday,2238
NARCOTICS,15,Monday,2020
NARCOTICS,15,Saturday,1769
NARCOTICS,15,Sunday,1606
NARCOTICS,15,Thursday,2435
NARCOTICS,15,Tuesday,2463
NARCOTICS,15,Wednesday,2490
NARCOTICS,16,Friday,1983
NARCOTICS,16,Monday,1711
NARCOTICS,16,Saturday,1525
NARCOTICS,16,Sunday,1587
NARCOTICS,16,Thursday,2147
NARCOTICS,16,Tuesday,2179
NARCOTICS,16,Wednesday,2180
NARCOTICS,17,Friday,1756
NARCOTICS,17,Monday,1572
NARCOTICS,17,Saturday,1482
NARCOTICS,17,Sunday,1508
NARCOTICS,17,Thursday,1847
NARCOTICS,17,Tuesday,1774
NARCOTICS,17,Wednesday,1875
NARCOTICS,18,Friday,2720
NARCOTICS,18,Monday,2403
NARCOTICS,18,Saturday,2348
NARCOTICS,18,Sunday,2162
NARCOTICS,18,Thursday,2557
NARCOTICS,18,Tuesday,2594
NARCOTICS,18,Wednesday,2705
NARCOTICS,19,Friday,4075
NARCOTICS,19,Monday,3764
NARCOTICS,19,Saturday,3475
NARCOTICS,19,Sunday,3387
NARCOTICS,19,Thursday,3943
NARCOTICS,19,Tuesday,4065
NARCOTICS,19,Wednesday,4009
NARCOTICS,20,Friday,3714
NARCOTICS,20,Monday,3376
NARCOTICS,20,Saturday,3133
NARCOTICS,20,Sunday,2837
NARCOTICS,20,Thursday,3346
NARCOTICS,20,Tuesday,3579
NARCOTICS,20,Wednesday,3635
NARCOTICS,21,Friday,3403
NARCOTICS,21,Monday,3018
NARCOTICS,21,Saturday,2834
NARCOTICS,21,Sunday,2537
NARCOTICS,21,Thursday,2982
NARCOTICS,21,Tuesday,3199
NARCOTICS,21,Wednesday,3101
NARCOTICS,22,Friday,2986
NARCOTICS,22,Monday,2758
NARCOTICS,22,Saturday,2392
NARCOTICS,22,Sunday,2313
NARCOTICS,22,Thursday,2649
NARCOTICS,22,Tuesday,2859
NARCOTICS,22,Wednesday,2681
NARCOTICS,23,Friday,2304
NARCOTICS,23,Monday,2095
NARCOTICS,23,Saturday,1884
NARCOTICS,23,Sunday,1766
NARCOTICS,23,Thursday,2025
NARCOTICS,23,Tuesday,2095
NARCOTICS,23,Wednesday,2045
THEFT,0,Friday,6633
THEFT,0,Monday,6512
THEFT,0,Saturday,7138
THEFT,0,Sunday,7529
THEFT,0,Thursday,6060
THEFT,0,Tuesday,6034
THEFT,0,Wednesday,6065
THEFT,1,Friday,2897
THEFT,1,Monday,2534
THEFT,1,Saturday,4469
THEFT,1,Sunday,4904
THEFT,1,Thursday,2430
THEFT,1,Tuesday,2399
THEFT,1,Wednesday,2386
THEFT,2,Friday,2352
THEFT,2,Monday,2105
THEFT,2,Saturday,3957
THEFT,2,Sunday,4245
THEFT,2,Thursday,1971
THEFT,2,Tuesday,1926
THEFT,2,Wednesday,1909
THEFT,3,Friday,2066
THEFT,3,Monday,1824
THEFT,3,Saturday,3005
THEFT,3,Sunday,3447
THEFT,3,Thursday,1820
THEFT,3,Tuesday,1726
THEFT,3,Wednesday,1624
THEFT,4,Friday,1639
THEFT,4,Monday,1619
THEFT,4,Saturday,2145
THEFT,4,Sunday,2477
THEFT,4,Thursday,1540
THEFT,4,Tuesday,1488
THEFT,4,Wednesday,1464
THEFT,5,Friday,1685
THEFT,5,Monday,1709
THEFT,5,Saturday,1733
THEFT,5,Sunday,1798
THEFT,5,Thursday,1596
THEFT,5,Tuesday,1630
THEFT,5,Wednesday,1562
THEFT,6,Friday,2352
THEFT,6,Monday,2433
THEFT,6,Saturday,1921
THEFT,6,Sunday,1658
THEFT,6,Thursday,2222
THEFT,6,Tuesday,2218
THEFT,6,Wednesday,2371
THEFT,7,Friday,3593
THEFT,7,Monday,3726
THEFT,7,Saturday,2517
THEFT,7,Sunday,2101
THEFT,7,Thursday,3678
THEFT,7,Tuesday,3767
THEFT,7,Wednesday,3648
THEFT,8,Friday,5306
THEFT,8,Monday,5565
THEFT,8,Saturday,3858
THEFT,8,Sunday,3187
THEFT,8,Thursday,5209
THEFT,8,Tuesday,5400
THEFT,8,Wednesday,5470
THEFT,9,Friday,7045
THEFT,9,Monday,7233
THEFT,9,Saturday,5643
THEFT,9,Sunday,4681
THEFT,9,Thursday,6978
THEFT,9,Tuesday,7202
THEFT,9,Wednesday,7043
THEFT,10,Friday,6749
THEFT,10,Monday,6591
THEFT,10,Saturday,5881
THEFT,10,Sunday,4957
THEFT,10,Thursday,6597
THEFT,10,Tuesday,6663
THEFT,10,Wednesday,6371
THEFT,11,Friday,6811
THEFT,11,Monday,6587
THEFT,11,Saturday,6410
THEFT,11,Sunday,5339
THEFT,11,Thursday,6734
THEFT,11,Tuesday,6870
THEFT,11,Wednesday,6715
THEFT,12,Friday,10027
THEFT,12,Monday,9475
THEFT,12,Saturday,8841
THEFT,12,Sunday,7471
THEFT,12,Thursday,9621
THEFT,12,Tuesday,9762
THEFT,12,Wednesday,9829
THEFT,13,Friday,8388
THEFT,13,Monday,7843
THEFT,13,Saturday,7600
THEFT,13,Sunday,6421
THEFT,13,Thursday,7949
THEFT,13,Tuesday,8018
THEFT,13,Wednesday,8173
THEFT,14,Friday,8909
THEFT,14,Monday,8405
THEFT,14,Saturday,8316
THEFT,14,Sunday,7046
THEFT,14,Thursday,8475
THEFT,14,Tuesday,8405
THEFT,14,Wednesday,8626
THEFT,15,Friday,9684
THEFT,15,Monday,8487
THEFT,15,Saturday,8589
THEFT,15,Sunday,7498
THEFT,15,Thursday,8804
THEFT,15,Tuesday,8686
THEFT,15,Wednesday,8915
THEFT,16,Friday,9282
THEFT,16,Monday,8024
THEFT,16,Saturday,8135
THEFT,16,Sunday,7164
THEFT,16,Thursday,8478
THEFT,16,Tuesday,8447
THEFT,16,Wednesday,8562
THEFT,17,Friday,9276
THEFT,17,Monday,8570
THEFT,17,Saturday,7983
THEFT,17,Sunday,7069
THEFT,17,Thursday,8725
THEFT,17,Tuesday,8801
THEFT,17,Wednesday,8807
THEFT,18,Friday,9168
THEFT,18,Monday,8473
THEFT,18,Saturday,7819
THEFT,18,Sunday,6705
THEFT,18,Thursday,8527
THEFT,18,Tuesday,8586
THEFT,18,Wednesday,8920
THEFT,19,Friday,8062
THEFT,19,Monday,7328
THEFT,19,Saturday,7015
THEFT,19,Sunday,5915
THEFT,19,Thursday,7784
THEFT,19,Tuesday,7650
THEFT,19,Wednesday,7627
THEFT,20,Friday,7178
THEFT,20,Monday,6230
THEFT,20,Saturday,6681
THEFT,20,Sunday,5526
THEFT,20,Thursday,6726
THEFT,20,Tuesday,6414
THEFT,20,Wednesday,6472
THEFT,21,Friday,6140
THEFT,21,Monday,5425
THEFT,21,Saturday,5693
THEFT,21,Sunday,4987
THEFT,21,Thursday,5516
THEFT,21,Tuesday,5427
THEFT,21,Wednesday,5544
THEFT,22,Friday,6079
THEFT,22,Monday,4949
THEFT,22,Saturday,5975
THEFT,22,Sunday,5018
THEFT,22,Thursday,5306
THEFT,22,Tuesday,4976
THEFT,22,Wednesday,5114
THEFT,23,Friday,5189
THEFT,23,Monday,3538
THEFT,23,Saturday,5412
THEFT,23,Sunday,3799
THEFT,23,Thursday,4005
THEFT,23,Tuesday,3608
THEFT,23,Wednesday,3665
